DATE,法巴新興市場智取債券基金,P014,安聯收益及增長基金,E016,富蘭克林入息基金,C026,施羅德環球股債增長,M022,摩根亞洲股票高息基金,V004,摩根IF下一代新興市場基金,K007,晉達環球黃金基金,H009,富蘭克林科技基金,C023,貝萊德世界礦業基金,R009,安聯中國未來科技基金,E018,富達亞洲特別機會,A016,霸菱環高抵債,N018
2025/06/02,10.4,0.00%,8.0931,0.00%,9.48,0.00%,76.0576,0.00%,10.21,0.00%,92.52,0.00%,32.64,0.00%,51.16,0.00%,64.22,0.00%,8.8667,0.00%,29.5,0.00%,78.84,0.00%
2025/06/03,10.41,0.10%,8.1324,0.49%,9.51,0.32%,76.122,0.08%,10.25,0.39%,93.15,0.68%,32.89,0.77%,51.75,1.15%,63.45,-1.20%,8.8667,0.00%,29.58,0.27%,78.43,-0.52%
2025/06/04,10.46,0.48%,8.1724,0.49%,9.53,0.21%,76.3507,0.30%,10.35,0.98%,93.84,0.74%,32.98,0.27%,52.11,0.70%,64.53,1.70%,8.9368,0.79%,29.95,1.25%,78.52,0.11%
2025/06/05,10.45,-0.10%,8.1627,-0.12%,9.52,-0.10%,76.5676,0.28%,10.43,0.77%,93.62,-0.23%,33.34,1.09%,52.27,0.31%,65.57,1.61%,9.1288,2.15%,30.25,1.00%,78.6,0.10%
2025/06/06,10.42,-0.29%,8.1895,0.33%,9.55,0.32%,76.5367,-0.04%,10.42,-0.10%,93.28,-0.36%,32.68,-1.98%,52.65,0.73%,64.81,-1.16%,9.0777,-0.56%,30.17,-0.26%,78.62,0.03%
2025/06/09,10.42,0.00%,8.1895,0.00%,9.5,-0.52%,76.5486,0.02%,10.51,0.86%,93.28,0.00%,32.68,0.00%,52.75,0.19%,64.81,0.00%,9.0777,0.00%,30.49,1.06%,78.62,0.00%
2025/06/10,10.46,0.38%,8.1894,0.00%,9.54,0.42%,76.7124,0.21%,10.55,1.25%,93.31,0.03%,32.64,-0.12%,52.94,0.36%,65,0.28%,9.1996,0.18%,30.54,0.16%,78.59,-0.04%
2025/06/11,10.48,0.19%,8.2066,0.21%,9.55,0.10%,76.8973,0.24%,10.61,0.57%,93.66,0.38%,32.54,-0.31%,52.97,0.06%,64.49,-0.78%,9.2695,0.76%,30.72,0.59%,78.67,0.10%
2025/06/12,10.5,0.19%,8.1894,-0.21%,9.57,0.21%,76.9758,0.10%,10.59,-0.19%,93.77,0.12%,33.45,2.80%,53.24,0.51%,64.78,0.45%,9.2442,-0.27%,30.58,-0.46%,78.68,0.01%
2025/06/13,10.46,-0.38%,8.1663,-0.28%,9.53,-0.42%,76.6858,-0.38%,10.52,-0.66%,92.78,-1.06%,34.27,2.45%,52.38,-1.62%,64.73,-0.08%,9.1729,-0.77%,30.27,-1.01%,78.59,-0.11%
2025/06/16,10.49,0.29%,8.1388,-0.34%,9.54,0.10%,76.6995,0.02%,10.58,0.57%,93.55,0.83%,33.48,-2.31%,53.23,1.62%,65.4,1.04%,9.2549,0.89%,30.45,0.59%,78.69,0.13%
2025/06/17,10.48,-0.10%,8.1283,-0.13%,9.51,-0.31%,76.6995,0.00%,10.61,0.28%,93.71,0.17%,33.16,-0.96%,52.91,-0.60%,65.38,-0.03%,9.2668,0.13%,30.27,-0.59%,78.64,-0.06%
2025/06/18,10.49,0.10%,8.1226,-0.07%,9.51,0.00%,76.6092,-0.12%,10.57,-0.38%,93.45,-0.28%,32.86,-0.90%,52.97,0.11%,65.03,-0.54%,9.2215,-0.49%,30.24,-0.10%,78.69,0.06%
2025/06/19,10.48,-0.10%,8.1226,0.00%,9.51,0.00%,76.4062,-0.26%,10.43,-1.32%,92.84,-0.65%,32.52,-1.03%,52.97,0.00%,64.06,-1.49%,9.0878,-1.45%,29.78,-1.52%,78.69,0.00%
2025/06/20,10.48,-0.10%,8.13,0.09%,9.51,0.00%,76.5512,0.19%,10.52,0.86%,93.24,0.43%,32.31,-0.65%,52.52,-0.85%,64.32,0.41%,9.1306,0.47%,30.04,0.87%,78.73,0.05%
2025/06/23,10.48,0.00%,8.13,0.09%,9.53,0.21%,76.3902,-0.21%,10.44,-0.76%,93.24,0.00%,32.31,0.00%,53.12,1.14%,64.32,0.00%,9.1306,0.00%,30.06,0.07%,78.82,0.11%
2025/06/24,10.58,0.95%,8.1839,0.66%,9.58,0.52%,76.9413,0.72%,10.62,0.95%,94.51,1.36%,32.03,-0.87%,54.33,2.28%,63.74,-0.87%,9.3388,0.31%,30.86,2.66%,78.99,0.22%
2025/06/25,10.59,0.09%,8.2287,0.55%,9.57,-0.10%,77.1207,0.23%,10.72,0.94%,94.85,0.36%,31.8,-0.72%,54.53,0.37%,63.73,-0.02%,9.5253,2.00%,31.12,0.84%,79.03,0.05%
2025/06/26,10.63,0.38%,8.2339,0.06%,9.62,0.52%,76.8743,-0.32%,10.79,0.65%,95.2,0.37%,32.19,1.23%,55.14,1.12%,65.29,2.45%,9.471,-0.57%,31.25,0.42%,79.11,0.10%
2025/06/27,10.63,0.00%,8.2747,0.50%,9.64,0.21%,77.1809,0.40%,10.78,-0.09%,96.02,0.86%,31.01,-3.67%,55.27,0.24%,64.79,-0.77%,9.4793,0.09%,31.31,0.19%,79.13,0.03%
2025/06/30,10.67,0.38%,8.2944,0.24%,9.65,0.10%,77.2323,0.07%,10.66,-1.11%,96.18,0.17%,31.98,3.13%,55.66,0.71%,64.52,-0.42%,9.4773,-0.02%,30.98,-1.05%,79.19,0.08%
2025/07/01,10.67,0.00%,8.3055,0.13%,9.71,0.62%,77.3792,0.19%,10.66,0.00%,96.85,0.70%,31.98,0.00%,54.88,-1.40%,64.52,0.00%,9.4773,0.00%,30.98,0.00%,78.67,-0.66%
2025/07/02,10.63,-0.37%,8.2929,-0.15%,9.74,0.31%,77.426,0.06%,10.72,0.56%,96.88,0.03%,32.19,0.66%,55.38,0.91%,66.11,2.37%,9.4115,-0.10%,31.13,0.48%,78.75,0.10%
2025/07/03,10.65,0.19%,8.3385,0.55%,9.74,0.00%,77.6013,0.23%,10.74,0.19%,97.58,0.72%,32.42,0.71%,56.33,1.72%,66.96,1.29%,9.4579,0.49%,31.39,0.84%,78.83,0.10%
2025/07/04,10.65,0.00%,8.3385,0.00%,9.74,0.00%,77.6137,0.02%,10.7,-0.37%,98.03,0.46%,32.3,-0.37%,56.33,0.00%,66.79,-0.25%,9.4761,0.19%,31.11,-0.89%,78.83,0.00%
2025/07/07,10.61,-0.38%,8.3431,0.06%,9.69,-0.51%,77.5687,-0.06%,10.66,-0.37%,98.62,0.60%,32.22,-0.62%,55.9,-0.76%,66.13,-0.99%,9.4138,-0.66%,31.03,-0.26%,78.82,-0.01%
2025/07/08,10.58,-0.28%,8.333,-0.12%,9.65,-0.41%,77.437,-0.17%,10.72,0.56%,98.56,-0.06%,31.98,-0.74%,55.99,0.16%,66.4,0.41%,9.5554,1.50%,31.07,0.13%,78.75,-0.09%
2025/07/09,10.6,0.19%,8.343,0.12%,9.67,0.21%,77.488,0.07%,10.7,-0.19%,98.8,0.24%,31.29,-2.16%,56.38,0.70%,65.32,-1.63%,9.4913,-0.67%,31.03,-0.13%,78.82,0.09%
2025/07/10,10.61,0.09%,8.3426,0.00%,9.71,0.41%,77.561,0.09%,10.75,0.47%,98.62,-0.18%,31.59,0.96%,55.91,-0.83%,66.14,1.26%,9.4979,0.07%,31.18,0.48%,78.89,0.09%
2025/07/11,10.58,-0.28%,8.3381,-0.05%,9.68,-0.31%,77.4002,-0.21%,10.75,0.00%,98.73,0.11%,31.93,1.08%,55.55,-0.64%,66.58,0.67%,9.5277,0.31%,31.22,0.13%,78.82,-0.09%
2025/07/14,10.57,-0.09%,8.3342,-0.05%,9.66,-0.21%,77.2938,-0.14%,10.74,-0.09%,99.02,0.29%,32.056,0.39%,55.63,0.14%,67.19,0.92%,9.6059,0.82%,31.27,0.16%,78.83,0.01%
2025/07/15,10.56,-0.09%,8.3015,-0.39%,9.61,-0.52%,77.5399,0.32%,10.8,0.56%,98.76,-0.26%,31.59,-1.45%,56.12,0.88%,66.03,-1.73%,9.8533,2.58%,31.63,1.15%,78.79,-0.05%
2025/07/16,10.54,-0.19%,8.2748,-0.32%,9.63,0.21%,77.1943,-0.45%,10.76,-0.37%,98.8,0.04%,31.59,0.00%,56.17,0.09%,65.59,-0.67%,9.8824,0.30%,31.59,-0.13%,78.77,-0.03%
2025/07/17,10.55,0.09%,8.3046,0.36%,9.66,0.31%,77.2033,0.01%,10.74,-0.19%,99.5,0.71%,31.25,-1.08%,56.79,1.10%,65.53,-0.09%,9.9857,1.05%,31.78,0.60%,78.88,0.14%
2025/07/18,10.59,0.38%,8.3327,0.34%,9.66,0.00%,77.5366,0.43%,10.74,0.00%,99.56,0.06%,31.43,0.58%,56.74,-0.09%,66.39,1.31%,10.0548,0.69%,31.9,0.38%,78.95,0.09%
2025/07/21,10.63,0.38%,8.349,0.20%,9.67,0.10%,77.6204,0.11%,10.8,0.56%,99.9,0.34%,32.35,2.93%,56.89,0.26%,67.72,2.00%,10.0903,0.35%,32.16,0.82%,79.05,0.13%
2025/07/22,10.63,0.00%,8.3187,-0.36%,9.72,0.52%,77.7684,0.19%,10.79,-0.09%,99.91,0.01%,33.28,2.87%,56.28,-1.07%,68.4,1.00%,10.0904,0.00%,31.86,-0.93%,79.09,0.05%
2025/07/23,10.64,0.09%,8.3339,0.18%,9.72,0.00%,78.2728,0.65%,10.91,1.11%,100.55,0.64%,33.19,-0.27%,56.73,0.80%,69.83,2.09%,10.1843,0.93%,32.3,1.38%,79.13,0.05%
2025/07/24,10.65,0.09%,8.3614,0.33%,9.69,-0.31%,78.3778,0.13%,10.93,0.18%,100.79,0.24%,32.72,-1.42%,57.19,0.81%,69.01,-1.17%,10.2851,0.99%,32.29,-0.03%,79.13,0.00%
2025/07/25,10.64,-0.09%,8.3657,0.05%,9.7,0.10%,78.2684,-0.14%,10.85,-0.73%,100.5,-0.29%,32.44,-0.86%,57.41,0.38%,68.43,-0.84%,10.1951,-0.88%,32.1,-0.59%,79.2,0.09%
2025/07/28,10.62,-0.19%,8.3885,0.27%,9.68,-0.21%,78.2882,0.03%,10.85,0.00%,100.68,0.18%,31.87,-1.76%,57.82,0.71%,67.26,-1.71%,10.3042,1.07%,32.23,0.40%,79.23,0.04%
2025/07/29,10.61,-0.09%,8.3961,0.09%,9.69,0.10%,78.0736,-0.27%,10.83,-0.18%,100.09,-0.59%,31.87,0.00%,57.74,-0.14%,67,-0.39%,10.3995,0.92%,32.23,0.00%,79.25,0.03%
2025/07/30,10.6,-0.09%,8.3759,-0.24%,9.65,-0.41%,77.9456,-0.16%,10.83,0.00%,100.35,0.26%,31.3,-1.79%,58.05,0.54%,66.96,-0.06%,10.2301,-1.63%,32.14,-0.28%,79.22,-0.04%
2025/07/31,10.6,0.00%,8.4085,0.39%,9.59,-0.62%,77.4324,-0.66%,10.66,-1.57%,99.93,-0.42%,30.61,-2.20%,57.5,-0.95%,65.44,-2.27%,10.0991,-1.28%,31.92,-0.68%,79.24,0.03%
2025/08/01,10.52,-0.75%,8.2806,-1.52%,9.51,-0.83%,76.9961,-0.56%,10.54,-1.13%,99.66,-0.27%,31.02,1.34%,56.08,-2.47%,65.25,-0.29%,9.9778,-1.20%,31.16,-2.38%,78.61,-0.80%
2025/08/04,10.58,0.57%,8.3367,0.68%,9.55,0.42%,77.1683,0.22%,10.62,0.76%,100.77,1.11%,32.6,5.09%,57.32,2.21%,66.06,1.24%,10.0246,0.47%,31.61,1.44%,78.61,0.00%
2025/08/05,10.6,0.19%,8.3661,0.35%,9.57,0.21%,77.3951,0.29%,10.71,0.85%,101.01,0.24%,33.36,2.33%,56.72,-1.05%,67.59,2.32%,10.1681,1.43%,31.8,0.60%,78.78,0.22%
2025/08/06,10.61,0.09%,8.3458,-0.24%,9.56,-0.10%,77.4841,0.11%,10.7,-0.09%,101.57,0.55%,34.18,2.46%,57.68,1.69%,68.26,0.99%,10.2224,0.53%,31.75,-0.16%,78.81,0.04%
2025/08/07,10.65,0.38%,8.3874,0.50%,9.58,0.21%,77.8342,0.45%,10.8,0.93%,102.58,0.99%,34.77,1.73%,57.59,-0.16%,69.19,1.36%,10.2394,0.17%,32.11,1.13%,78.81,0.00%
2025/08/08,10.67,0.19%,8.3766,-0.13%,9.6,0.21%,77.9314,0.12%,10.74,-0.56%,102.21,-0.36%,35.11,0.98%,57.45,-0.24%,69.88,1.00%,10.1925,-0.46%,31.99,-0.37%,78.66,-0.19%
2025/08/11,10.68,0.09%,8.3845,0.09%,9.58,-0.21%,78.011,0.10%,10.78,0.37%,102.61,0.39%,34.74,-1.05%,57.1,-0.61%,69.61,-0.39%,10.2615,0.68%,32.05,0.19%,78.84,0.23%
2025/08/12,10.71,0.28%,8.3772,-0.09%,9.63,0.52%,78.1785,0.21%,10.84,0.56%,102.83,0.21%,35.16,1.21%,57.94,1.47%,70.04,0.62%,10.356,0.92%,32.35,0.94%,78.9,0.08%
2025/08/13,10.76,0.47%,8.4307,0.64%,9.69,0.62%,78.5236,0.44%,11.01,1.57%,103.25,0.41%,35.14,-0.06%,57.79,-0.26%,70.71,0.96%,10.7215,3.53%,32.94,1.82%,79.02,0.15%
2025/08/14,10.74,-0.19%,8.4194,-0.13%,9.67,-0.21%,78.5236,0.00%,11,-0.09%,103.14,-0.11%,34.84,-0.85%,57.57,-0.38%,69.81,-1.27%,10.7403,0.18%,32.68,-0.79%,78.99,-0.04%
2025/08/15,10.74,0.00%,8.4194,0.00%,9.69,0.21%,78.6688,0.18%,10.98,-0.18%,103.14,0.00%,34.84,0.00%,57.36,-0.36%,69.81,0.00%,10.7403,0.00%,32.74,0.18%,78.77,-0.28%
2025/08/18,10.72,-0.19%,8.3554,-0.76%,9.68,-0.10%,78.5613,-0.14%,10.95,-0.45%,102.82,-0.31%,35.15,0.89%,57.63,0.47%,69.92,0.16%,10.924,1.71%,32.81,0.21%,79.01,0.30%
2025/08/19,10.71,-0.09%,8.3557,0.00%,9.7,0.21%,78.5613,0.00%,10.93,-0.18%,102.83,0.01%,34.33,-2.33%,56.5,-1.96%,69.91,-0.01%,10.9175,-0.06%,32.69,-0.37%,79,-0.01%
2025/08/20,10.7,-0.09%,8.2973,-0.70%,9.7,0.00%,78.5945,0.04%,10.87,-0.55%,102.14,-0.67%,34.86,1.54%,56.17,-0.58%,68.96,-1.36%,10.851,-0.61%,32.32,-1.13%,78.96,-0.05%
2025/08/21,10.67,-0.28%,8.2996,0.03%,9.7,0.00%,78.3229,-0.35%,10.91,0.37%,102.14,0.00%,35.6,2.12%,55.97,-0.36%,69.55,0.86%,10.8755,0.23%,32.49,0.53%,78.89,-0.09%
2025/08/22,10.72,0.47%,8.3147,0.18%,9.78,0.82%,78.4212,0.13%,10.93,0.18%,102.38,0.23%,36.31,1.99%,56.84,1.55%,70.04,0.70%,11.113,2.18%,32.9,1.26%,79.12,0.29%
2025/08/25,10.73,0.09%,8.3706,0.67%,9.75,-0.31%,78.8843,0.59%,11.07,1.28%,102.8,0.41%,36.31,0.00%,56.77,-0.12%,71.91,2.67%,11.4537,3.07%,33.19,0.88%,79.12,0.00%
2025/08/26,10.71,-0.19%,8.3655,-0.06%,9.75,0.00%,78.7657,-0.15%,11.01,-0.54%,102.91,0.11%,36.85,1.49%,57.24,0.83%,71.93,0.03%,11.3942,-0.52%,32.95,-0.72%,79.22,0.13%
2025/08/27,10.68,-0.28%,8.3836,0.22%,9.76,0.10%,78.6364,-0.16%,10.95,-0.54%,103.22,0.30%,37.19,0.92%,57.71,0.82%,71.69,-0.33%,11.3363,-0.51%,32.56,-1.18%,79.27,0.06%
2025/08/28,10.73,0.47%,8.4014,0.21%,9.77,0.10%,78.4576,-0.23%,10.92,-0.27%,103.48,0.25%,37.02,-0.46%,58.68,1.68%,72.44,1.05%,11.4812,1.28%,32.67,0.34%,79.31,0.05%
2025/08/29,10.72,-0.09%,8.403,0.02%,9.77,0.00%,78.3164,-0.18%,10.85,-0.64%,103.71,0.22%,37.86,2.27%,57.69,-1.69%,72.59,0.21%,11.645,1.43%,32.62,-0.15%,79.3,-0.01%
2025/09/01,10.63,-0.84%,8.403,0.00%,9.77,0.00%,78.3164,0.00%,10.93,0.74%,103.38,-0.32%,37.86,0.00%,57.69,0.00%,73.24,0.90%,11.8981,2.17%,32.74,0.37%,79.3,0.00%
2025/09/02,10.58,-0.47%,8.3528,-0.60%,9.68,-0.92%,78.9984,0.87%,10.88,-0.46%,102.8,-0.56%,39.28,3.75%,57.19,-0.87%,72.73,-0.70%,11.7198,-1.50%,32.47,-0.82%,78.59,-0.90%
2025/09/03,10.59,0.09%,8.3722,0.23%,9.66,-0.21%,78.1521,-1.07%,10.87,-0.09%,102.96,0.16%,39.65,0.94%,57.49,0.52%,74.16,1.97%,11.6962,-0.20%,32.66,0.59%,78.64,0.06%
2025/09/04,10.6,0.09%,8.3878,0.19%,9.69,0.31%,78.3171,0.21%,10.84,-0.28%,103.58,0.60%,39.02,-1.59%,57.91,0.73%,73.86,-0.40%,11.3379,-3.06%,32.48,-0.55%,78.73,0.11%
2025/09/05,10.67,0.66%,8.4325,0.53%,9.7,0.10%,78.7831,0.60%,10.97,1.20%,103.78,0.19%,40.06,2.67%,58.6,1.19%,75.6,2.36%,11.696,3.16%,32.83,1.08%,78.88,0.19%
2025/09/08,10.69,0.19%,8.4343,0.02%,9.7,0.00%,78.908,0.16%,11.03,0.55%,103.42,-0.35%,40.87,2.02%,59.16,0.96%,75.46,-0.19%,11.7537,0.49%,33.24,1.25%,78.95,0.09%
2025/09/09,10.7,0.09%,8.4417,0.09%,9.69,-0.10%,78.9435,0.04%,11.1,0.63%,103.66,0.23%,40.95,0.20%,59.31,0.25%,76.56,1.46%,11.7632,0.08%,33.6,1.08%,78.91,-0.05%
2025/09/10,10.73,0.28%,8.4805,0.46%,9.71,0.21%,79.1195,0.22%,11.25,1.35%,103.58,-0.08%,41.9,2.32%,59.86,0.93%,76.19,-0.48%,11.9404,1.51%,33.9,0.89%,78.97,0.08%
2025/09/11,10.78,0.47%,8.4924,0.14%,9.74,0.31%,79.2625,0.18%,11.25,0.00%,104.27,0.67%,42.79,2.12%,60.07,0.35%,76.51,0.42%,12.1648,1.88%,34.19,0.86%,78.05,-1.16%
2025/09/12,10.78,0.00%,8.5,0.09%,9.71,-0.31%,79.4277,0.21%,11.36,0.98%,104.49,0.21%,42.84,0.12%,59.8,-0.45%,77.29,1.02%,12.3318,1.37%,34.38,0.56%,78.06,0.01%
2025/09/15,10.82,0.37%,8.4657,-0.40%,9.71,0.00%,79.7168,0.36%,11.39,0.26%,104.43,-0.06%,43.01,0.40%,60.6,1.34%,76.86,-0.56%,12.3778,0.37%,34.51,0.38%,79.12,1.36%
2025/09/16,10.86,0.37%,8.4702,0.05%,9.72,0.10%,79.8489,0.17%,11.46,0.61%,105.27,0.80%,42.62,-0.91%,60.42,-0.30%,77.6,0.96%,12.4538,0.61%,34.79,0.81%,79.14,0.03%
2025/09/17,10.87,0.09%,8.4668,-0.04%,9.73,0.10%,79.8083,-0.05%,11.47,0.09%,105.38,0.10%,42.26,-0.84%,60.13,-0.48%,77.3,-0.39%,12.6694,1.73%,34.97,0.52%,79.12,-0.03%
2025/09/18,10.84,-0.28%,8.4819,0.18%,9.74,0.10%,79.9099,0.13%,11.41,-0.52%,105.37,-0.01%,42.13,-0.31%,61.21,1.80%,76.53,-1.00%,12.673,0.03%,35.05,0.23%,79.2,0.10%
2025/09/19,10.82,-0.18%,8.4978,0.19%,9.73,-0.10%,79.8262,-0.10%,11.36,-0.44%,104.88,-0.47%,43.71,3.75%,61.66,0.74%,77.8,1.66%,12.6342,-0.31%,34.76,-0.83%,79.27,0.09%
2025/09/22,10.83,0.09%,8.5062,0.10%,9.73,0.00%,79.9623,0.17%,11.37,0.09%,104.57,-0.30%,45.8,4.78%,62.16,0.81%,79.47,2.15%,12.7386,0.83%,34.93,0.49%,79.3,0.04%
2025/09/23,10.86,0.28%,8.5252,0.22%,9.75,0.21%,80.1028,0.18%,11.39,0.18%,104.63,0.06%,46.22,0.92%,61.47,-1.11%,80.99,1.91%,12.7499,0.09%,34.99,0.17%,79.32,0.03%
2025/09/24,10.85,-0.09%,8.4954,-0.35%,9.75,0.00%,80.0208,-0.10%,11.42,0.26%,104.76,0.12%,45.49,-1.58%,61.02,-0.73%,80.66,-0.41%,12.9002,1.18%,34.94,-0.14%,79.28,-0.05%
2025/09/25,10.8,-0.46%,8.4274,-0.80%,9.71,-0.41%,79.2578,-0.95%,11.37,-0.44%,104.06,-0.67%,44.94,-1.21%,60.65,-0.61%,80,-0.82%,12.9812,0.63%,34.83,-0.31%,79.14,-0.18%
2025/09/26,10.79,-0.09%,8.4525,0.30%,9.75,0.41%,79.2523,-0.01%,11.26,-0.97%,104.28,0.21%,46.13,2.65%,60.69,0.07%,80.71,0.89%,12.6988,-2.18%,34.41,-1.21%,79.18,0.05%
2025/09/29,10.82,0.28%,8.4815,0.34%,9.75,0.00%,79.4868,0.30%,11.4,1.24%,104.57,0.28%,46.84,1.54%,60.95,0.43%,82.56,2.29%,12.9764,2.19%,34.99,1.69%,79.23,0.06%
2025/09/30,10.81,-0.09%,8.4725,-0.11%,9.77,0.21%,79.5015,0.02%,11.35,-0.44%,105.23,0.63%,47.03,0.41%,61.09,0.23%,82.49,-0.08%,13.0821,0.81%,35.06,0.20%,79.21,-0.03%
2025/10/01,10.81,0.00%,8.4725,0.00%,9.74,-0.31%,79.6419,0.18%,11.35,0.00%,105.49,0.25%,47.03,0.00%,61.52,0.70%,82.49,0.00%,13.0821,0.00%,35.06,0.00%,78.72,-0.62%
2025/10/02,10.72,-0.83%,8.5071,0.41%,9.74,0.00%,79.8944,0.32%,11.54,1.67%,105.63,0.13%,47.97,2.00%,61.89,0.60%,83.33,1.02%,13.0821,0.00%,35.85,2.25%,78.76,0.05%
2025/10/03,10.73,0.09%,8.5233,0.19%,9.75,0.10%,80.0109,0.15%,11.58,0.35%,105.82,0.18%,48.14,0.35%,61.7,-0.31%,83.85,0.62%,13.0821,0.00%,36.05,0.56%,78.79,0.04%
2025/10/04,10.73,0.00%,8.5252,0.02%,9.74,-0.10%,80.1184,0.13%,11.58,0.00%,106.59,0.73%,48.14,0.00%,62.38,1.10%,83.85,0.00%,13.0821,0.00%,36.05,0.00%,78.77,-0.03%
2025/10/07,10.73,0.00%,8.54,0.17%,9.74,0.00%,80.1037,-0.02%,11.59,0.09%,106.19,-0.38%,49.06,1.91%,61.62,-1.22%,85.31,1.74%,13.0821,0.00%,36.31,0.72%,78.72,-0.06%
2025/10/08,10.72,-0.09%,8.5257,-0.17%,9.74,0.00%,80.0238,-0.10%,11.56,-0.26%,106.74,0.52%,49.55,1.00%,62.81,1.93%,85.25,-0.07%,13.0821,0.00%,36.04,-0.74%,78.65,-0.09%
2025/10/09,10.72,0.00%,8.5356,0.12%,9.71,-0.31%,80.0759,0.07%,11.58,0.17%,106.84,0.09%,48.16,-2.81%,62.88,0.11%,85.51,0.30%,13.0973,0.12%,35.89,-0.42%,78.49,-0.20%
2025/10/10,10.68,-0.37%,8.5345,-0.01%,9.64,-0.72%,79.6429,-0.54%,11.05,-4.58%,106.57,-0.25%,47.28,-1.83%,60.31,-4.09%,83.75,-2.06%,12.6616,-3.33%,34.99,-2.51%,78.24,-0.32%
2025/10/13,10.69,0.09%,8.5345,0.00%,9.68,0.41%,79.1627,-0.60%,11.38,2.99%,106.07,-0.47%,49.24,4.15%,62.19,3.12%,84.41,0.79%,12.3558,-2.42%,35.43,1.26%,78.21,-0.04%
2025/10/14,10.68,-0.09%,8.4332,-1.19%,9.7,0.21%,78.9879,-0.22%,11.25,-1.14%,106.2,0.12%,49.48,0.49%,61.22,-1.56%,84.9,0.58%,11.9725,-3.10%,34.83,-1.69%,78.34,0.17%
2025/10/15,10.74,0.56%,8.4772,0.52%,9.71,0.10%,79.6194,0.80%,11.42,1.51%,106.9,0.66%,50.7,2.47%,61.71,0.80%,86.6,2.00%,12.2494,2.31%,35.51,1.95%,78.62,0.36%
2025/10/16,10.78,0.37%,8.4777,0.53%,9.7,-0.10%,79.8674,0.31%,11.49,0.61%,107.5,0.56%,52.58,3.71%,61.74,0.05%,86.96,0.42%,12.2401,-0.08%,35.76,0.70%,78.62,0.00%
2025/10/17,10.76,-0.19%,8.4378,-0.47%,9.73,0.31%,79.6782,-0.24%,11.35,-1.22%,106.6,-0.84%,49.48,-5.90%,61.59,-0.24%,85.85,-1.28%,11.8596,-3.11%,35.61,-0.42%,78.57,-0.06%
2025/10/20,10.78,0.19%,8.4794,0.49%,9.77,0.41%,79.8543,0.22%,11.54,1.67%,105.73,-0.82%,50.16,1.37%,62.33,1.20%,85.31,-0.63%,12.1117,2.13%,36.27,1.85%,78.67,0.13%
2025/10/21,10.79,0.09%,8.4914,0.14%,9.78,0.10%,79.9747,0.15%,11.59,0.43%,105.88,0.14%,46.94,-6.42%,62.24,-0.14%,81.84,-4.07%,12.4024,2.40%,36.08,-0.52%,78.67,0.00%
2025/10/22,10.79,0.00%,8.4939,0.03%,9.77,-0.10%,79.7613,-0.27%,11.54,-0.43%,105.89,0.01%,46.12,-1.75%,61.45,-1.27%,81.6,-0.29%,12.2742,-1.03%,35.75,-0.91%,78.7,0.04%
2025/10/23,10.78,-0.09%,8.4747,-0.23%,9.78,0.10%,79.7215,-0.05%,11.56,0.17%,105.98,0.08%,46.8,1.47%,62.35,1.46%,82.96,1.67%,12.2046,-0.57%,35.96,0.59%,78.68,-0.03%
2025/10/24,10.8,0.19%,8.5332,0.69%,9.8,0.20%,79.914,0.24%,11.6,0.35%,106.07,0.08%,46.16,-1.37%,63.09,1.19%,82.33,-0.76%,12.4953,2.38%,36.48,1.45%,78.84,0.20%
2025/10/27,10.84,0.37%,8.59,0.67%,9.83,0.31%,80.1543,0.30%,11.73,1.12%,105.46,-0.58%,44.56,-3.47%,64.17,1.71%,80.65,-2.04%,12.7753,2.24%,36.92,1.21%,78.84,0.00%
2025/10/28,10.86,0.18%,8.61,0.23%,9.81,-0.20%,80.2493,0.12%,11.71,-0.17%,106.35,0.84%,44.55,-0.02%,64.63,0.72%,81.64,1.23%,12.7726,-0.02%,36.74,-0.49%,78.99,0.19%
2025/10/29,10.86,0.00%,8.6329,0.27%,9.76,-0.51%,80.2841,0.04%,11.71,0.00%,107.29,0.88%,44.55,0.00%,65.06,0.67%,81.64,0.00%,12.7726,0.00%,36.74,0.00%,78.98,-0.01%
2025/10/30,10.8,-0.55%,8.5892,-0.51%,9.74,-0.20%,79.6697,-0.77%,11.75,0.34%,106.74,-0.51%,45.86,2.94%,63.94,-1.72%,82.77,1.38%,12.7707,-0.01%,36.96,0.60%,78.89,-0.11%
2025/10/31,10.81,0.09%,8.5949,0.07%,9.74,0.00%,79.5305,-0.17%,11.62,-1.11%,107.21,0.44%,45.86,0.00%,64.05,0.17%,82.91,0.17%,12.4262,-2.70%,36.84,-0.32%,78.89,0.00%
2025/11/03,10.72,-0.83%,8.5871,-0.09%,9.64,-1.03%,79.5321,0.00%,11.68,0.52%,106.82,-0.36%,45.53,-0.72%,64.09,0.06%,82.24,-0.81%,12.4247,-0.01%,37.38,1.47%,78.26,-0.80%
2025/11/04,10.68,-0.37%,8.5397,-0.55%,9.61,-0.31%,79.1676,-0.46%,11.58,-0.86%,106.23,-0.55%,43.49,-4.48%,62.34,-2.73%,80.02,-2.70%,12.262,-1.31%,36.84,-1.44%,78.16,-0.13%
2025/11/05,10.68,0.00%,8.5333,-0.07%,9.62,0.10%,79.16,-0.01%,11.53,-0.43%,105.56,-0.63%,44.65,2.67%,62.39,0.08%,80.57,0.69%,12.1802,-0.67%,36.6,-0.65%,78.2,0.05%
2025/11/06,10.71,0.28%,8.5304,-0.03%,9.61,-0.10%,79.4726,0.39%,11.62,0.78%,106.23,0.63%,45.43,1.75%,61.43,-1.54%,82.09,1.89%,12.4939,2.58%,36.5,-0.27%,78.22,0.03%
2025/11/07,10.72,0.09%,8.4564,-0.87%,9.64,0.31%,79.2372,-0.30%,11.56,-0.52%,104.96,-1.20%,46.08,1.43%,61.2,-0.37%,81.48,-0.74%,12.2941,-1.60%,35.92,-1.59%,78.2,-0.03%
2025/11/10,10.75,0.28%,8.57,1.34%,9.66,0.21%,79.6273,0.49%,11.7,1.21%,105.85,0.85%,48.91,6.14%,62.62,2.32%,84.12,3.24%,12.3022,0.07%,36.78,2.39%,78.36,0.20%
2025/11/11,10.78,0.28%,8.57,0.00%,9.71,0.52%,79.9063,0.35%,11.74,0.34%,105.87,0.02%,49.57,1.35%,62.03,-0.94%,84.85,0.87%,12.2416,-0.49%,37,0.60%,78.39,0.04%
2025/11/12,10.79,0.09%,8.59,0.23%,9.73,0.21%,80.2353,0.41%,11.79,0.43%,106.7,0.78%,51.05,2.99%,62.02,-0.02%,86.28,1.69%,12.2132,-0.23%,37.02,0.05%,78.41,0.03%
2025/11/13,10.8,0.09%,8.54,-0.58%,9.7,-0.31%,80.3488,0.14%,11.75,-0.34%,106.6,-0.09%,50.15,-1.76%,60.35,-2.69%,86.93,0.75%,12.3759,1.33%,36.78,-0.65%,78.29,-0.15%
2025/11/14,10.77,-0.28%,8.45,-1.05%,9.69,-0.10%,79.6509,-0.87%,11.59,-1.36%,105.51,-1.02%,49.79,-0.72%,60.58,0.38%,84.93,-2.30%,12.0547,-2.60%,36.5,-0.76%,78.24,-0.06%
2025/11/17,10.78,0.09%,8.4,-0.59%,9.65,-0.41%,79.6695,0.02%,11.62,0.26%,106.06,0.52%,48.84,-1.91%,59.82,-1.25%,85.13,0.24%,11.9657,-0.74%,36.36,-0.38%,78.2,-0.05%
2025/11/18,10.76,-0.19%,8.32,-0.95%,9.63,-0.21%,79.2289,-0.55%,11.43,-1.64%,105.12,-0.89%,48.75,-0.18%,58.96,-1.44%,83.37,-2.07%,11.7949,-1.43%,35.75,-1.68%,78.12,-0.10%
2025/11/19,10.76,0.00%,8.3701,0.60%,9.61,-0.21%,79.2174,-0.01%,11.4,-0.26%,105.5,0.36%,49.37,1.27%,59.4,0.75%,85.26,2.27%,11.7655,-0.25%,35.65,-0.28%,78.18,0.08%
2025/11/20,10.77,0.09%,8.44,0.84%,9.57,-0.42%,78.998,-0.28%,11.49,0.79%,105.37,-0.12%,47.46,-3.87%,57.6,-3.03%,85.4,0.16%,11.6761,-0.76%,35.73,0.22%,78.25,0.09%
2025/11/21,10.7,-0.65%,8.2946,-1.72%,9.65,0.84%,78.5607,-0.55%,11.23,-2.26%,103.91,-1.39%,47.56,0.21%,57.57,-0.05%,81.5,-4.57%,11.2571,-3.59%,34.77,-2.69%,78.26,0.01%
2025/11/24,10.74,0.37%,8.3632,0.83%,9.66,0.10%,78.695,0.17%,11.32,0.80%,104.37,0.44%,50.08,5.30%,59.3,3.01%,83.86,2.90%,11.4374,1.60%,35.49,2.07%,78.39,0.17%
2025/11/25,10.77,0.28%,8.4042,0.49%,9.72,0.62%,79.041,0.44%,11.39,0.62%,104.83,0.44%,50.6,1.04%,59.65,0.59%,84.96,1.31%,11.6792,2.11%,35.58,0.25%,78.48,0.11%
2025/11/26,10.8,0.28%,8.48,0.90%,9.76,0.41%,79.4119,0.47%,11.52,1.14%,105.84,0.96%,53.04,4.82%,60.36,1.19%,86.9,2.28%,11.8028,1.06%,36.17,1.66%,78.62,0.18%
2025/11/27,10.81,0.09%,8.48,0.00%,9.76,0.00%,79.7275,0.40%,11.51,-0.09%,106.13,0.27%,52.87,-0.32%,60.36,0.00%,87.87,1.12%,11.78,-0.19%,36.09,-0.22%,78.62,0.00%
2025/11/28,10.82,0.09%,8.5209,0.48%,9.8,0.41%,79.8548,0.16%,11.41,-0.87%,106.83,0.66%,53.94,2.02%,60.94,0.96%,88.86,1.13%,11.8165,0.31%,36.07,-0.06%,78.48,-0.18%
2025/12/01,10.72,-0.92%,8.5113,-0.11%,9.7,-1.02%,79.8515,0.00%,11.42,0.09%,107.2,0.35%,54.1,0.30%,60.63,-0.51%,90.13,1.43%,11.9484,1.12%,36.24,0.47%,77.87,-0.78%
2025/12/02,10.73,0.09%,8.5254,0.17%,9.71,0.10%,79.8674,0.02%,11.49,0.61%,107.7,0.47%,53.35,-1.39%,61.31,1.12%,89.14,-1.10%,11.8879,-0.51%,36.14,-0.28%,77.96,0.12%
2025/12/03,10.77,0.37%,8.4938,-0.37%,9.78,0.72%,79.9887,0.15%,11.51,0.17%,108.19,0.45%,53.26,-0.17%,61.35,0.07%,89.44,0.34%,11.7796,-0.91%,36.17,0.08%,78.02,0.08%
2025/12/04,10.78,0.09%,8.513,0.23%,9.77,-0.10%,80.1459,0.20%,11.49,-0.17%,109.14,0.88%,52.84,-0.79%,61.4,0.08%,89.72,0.31%,11.9119,1.12%,36.04,-0.36%,78.01,-0.01%
2025/12/05,10.74,-0.37%,8.5385,0.30%,9.76,-0.10%,80.1738,0.03%,11.55,0.52%,109.67,0.49%,53.5,1.25%,61.75,0.57%,91.17,1.62%,12.0397,1.07%,36.62,1.61%,78.04,0.04%
2025/12/08,10.69,-0.47%,8.5372,-0.02%,9.73,-0.31%,80.0897,-0.10%,11.57,0.17%,109.21,-0.42%,52.36,-2.13%,62.23,0.78%,89.68,-1.63%,12.1172,0.64%,36.5,-0.33%,77.95,-0.12%
2025/12/09,10.66,-0.28%,8.5246,-0.15%,9.72,-0.10%,79.8597,-0.29%,11.51,-0.52%,108.68,-0.49%,53.28,1.76%,62.5,0.43%,88.79,-0.99%,12.0838,-0.28%,36.37,-0.36%,77.94,-0.01%
2025/12/10,10.64,-0.19%,8.5128,-0.14%,9.77,0.51%,79.8416,-0.02%,11.54,0.26%,109.16,0.44%,54.73,2.72%,62.7,0.32%,89.71,1.04%,12.0854,0.01%,36.56,0.52%,77.97,0.04%
2025/12/11,10.69,0.47%,8.507,-0.07%,9.79,0.20%,80.1489,0.38%,11.51,-0.26%,110.03,0.80%,56.01,2.34%,62.41,-0.46%,91.69,2.21%,11.9603,-1.04%,36.35,-0.57%,78.01,0.05%
2025/12/12,10.7,0.09%,8.5404,0.39%,9.78,-0.10%,80.4628,0.39%,11.58,0.61%,110.51,0.44%,56.16,0.27%,60.56,-2.96%,93.95,2.46%,12.1354,1.46%,36.13,-0.61%,78.01,0.00%
2025/12/15,10.73,0.28%,8.4247,-1.35%,9.79,0.10%,80.5349,0.09%,11.52,-0.52%,109.72,-0.71%,56.1,-0.11%,59.68,-1.45%,92.25,-1.81%,11.8881,-2.04%,36.06,-0.19%,78,-0.01%
2025/12/16,10.73,0.00%,8.402,-0.27%,9.75,-0.41%,80.3235,-0.26%,11.39,-1.13%,110.43,0.65%,55.89,-0.37%,59.79,0.18%,92.41,0.17%,11.6738,-1.80%,35.34,-2.00%,77.99,-0.01%
2025/12/17,10.71,-0.19%,8.3959,-0.07%,9.76,0.10%,80.1161,-0.26%,11.45,0.53%,110.35,-0.07%,56.93,1.86%,58.45,-2.24%,92.52,0.12%,11.8677,1.66%,35.63,0.82%,77.99,0.00%
2025/12/18,10.72,0.09%,8.3877,-0.10%,9.77,0.10%,79.7072,-0.51%,11.44,-0.09%,110.37,0.02%,56.81,-0.21%,59.37,1.57%,93.07,0.59%,11.6853,-1.54%,35.98,0.98%,78.1,0.14%
2025/12/19,10.75,0.28%,8.4288,0.49%,9.77,0.00%,79.7153,0.01%,11.49,0.44%,110.97,0.54%,57.94,1.99%,60.39,1.72%,94.11,1.12%,11.8042,1.02%,36.26,0.78%,78.17,0.09%
2025/12/22,10.77,0.19%,8.48,0.61%,9.8,0.31%,79.9966,0.35%,11.59,0.87%,112.03,0.96%,59.92,3.42%,60.87,0.79%,96.51,2.55%,12.0292,1.91%,36.56,0.83%,78.18,0.01%
2025/12/23,10.78,0.09%,8.486,0.07%,9.8,0.00%,80.191,0.24%,11.63,0.35%,111.91,-0.11%,59.89,-0.05%,61.23,0.59%,96.92,0.42%,12.0893,0.50%,36.54,-0.05%,78.21,0.04%
2025/12/24,10.8,0.19%,8.486,0.00%,9.82,0.20%,80.191,0.00%,11.7,0.60%,111.91,0.00%,59.89,0.00%,61.31,0.13%,96.92,0.00%,12.0893,0.00%,36.83,0.79%,78.29,0.10%
2025/12/25,10.8,0.00%,8.486,0.00%,9.82,0.00%,80.191,0.00%,11.7,0.00%,111.91,0.00%,59.89,0.00%,61.63,0.52%,96.92,0.00%,12.0893,0.00%,36.83,0.00%,78.29,0.00%
2025/12/29,10.79,-0.09%,8.4945,0.10%,9.83,0.31%,80.3167,0.16%,11.74,0.95%,111.81,-0.09%,57.94,-3.26%,61.37,-0.42%,95.42,-1.55%,12.1084,0.16%,37.11,0.76%,78.29,0.00%
2025/12/30,10.79,-0.09%,8.4942,0.00%,9.83,0.00%,80.4328,0.14%,11.75,0.09%,111.98,0.15%,58.26,0.55%,61.25,-0.20%,96.18,0.80%,12.199,0.75%,37.36,0.67%,78.37,0.10%
2025/12/31,10.79,0.00%,8.4784,-0.19%,9.8,-0.31%,80.4264,-0.01%,11.69,-0.51%,111.86,-0.11%,57.45,-1.39%,60.78,-0.77%,96.05,-0.14%,12.0608,-1.13%,37.24,-0.32%,78.37,0.00%
2026/01/02,10.71,-0.74%,8.5,0.25%,9.77,-0.31%,80.5894,0.20%,11.8,0.94%,112.01,0.13%,57.36,-0.16%,61.18,0.66%,96.59,0.56%,12.0608,0.00%,38.23,2.66%,77.82,-0.70%
2026/01/05,10.74,0.28%,8.5111,0.13%,9.8,0.31%,80.627,0.05%,11.94,1.19%,112.8,0.71%,58.97,2.81%,61.62,0.72%,99.38,2.89%,12.4965,3.61%,39.02,2.07%,77.92,0.13%
2026/01/06,10.76,0.19%,8.5433,0.38%,9.84,0.41%,81.023,0.49%,12.04,0.84%,114.97,1.92%,61.09,3.60%,62.29,1.09%,100.93,1.56%,12.5836,0.70%,39.41,1.00%,77.99,0.09%
2026/01/07,10.74,-0.19%,8.5814,0.45%,9.8,-0.41%,81.275,0.31%,12,-0.33%,114.93,-0.03%,60.25,-1.38%,62.19,-0.16%,100.23,-0.69%,12.6435,0.48%,39.34,-0.18%,78.03,0.05%
2026/01/08,10.72,-0.19%,8.5479,-0.39%,9.85,0.51%,81.0678,-0.25%,11.92,-0.67%,115.3,0.32%,59.57,-1.13%,61.13,-1.70%,98.85,-1.38%,12.4944,-1.18%,39.09,-0.64%,78.05,0.03%
2026/01/09,10.74,0.19%,8.5646,0.20%,9.89,0.41%,81.2752,0.26%,11.9,-0.17%,116.75,1.26%,60.34,1.29%,61.79,1.08%,101.94,3.13%,12.6139,0.96%,39.14,0.13%,78.1,0.06%
2026/01/12,10.76,0.19%,8.5707,0.07%,9.89,0.00%,81.5019,0.28%,11.9,0.00%,118.32,1.34%,62.71,3.93%,62.21,0.68%,104.86,2.86%,12.7361,0.97%,39.55,1.05%,78.11,0.01%
2026/01/13,10.76,0.00%,8.5972,0.31%,9.9,0.10%,81.5865,0.10%,11.9,0.00%,118.38,0.05%,63.36,1.04%,62.04,-0.27%,105.88,0.97%,12.7232,-0.10%,39.6,0.13%,78.13,0.03%
2026/01/14,10.76,0.00%,8.5557,-0.48%,9.94,0.40%,81.5566,-0.04%,11.97,0.59%,118.15,-0.19%,63.55,0.30%,60.97,-1.72%,106.85,0.92%,12.7538,0.24%,39.4,-0.51%,78.12,-0.01%
2026/01/15,10.78,0.19%,8.5427,-0.15%,9.93,-0.10%,81.6849,0.16%,11.99,0.17%,118.45,0.25%,63.48,-0.11%,61.57,0.98%,107.5,0.61%,12.7887,0.27%,39.85,1.14%,78.16,0.05%
2026/01/16,10.75,-0.28%,8.537,-0.07%,9.93,0.00%,81.6603,-0.03%,12.04,0.42%,119.15,0.59%,63.26,-0.35%,61.77,0.32%,106.16,-1.25%,12.9679,1.40%,39.57,-0.70%,78.21,0.06%
2026/01/19,10.74,-0.09%,8.537,0.00%,9.93,0.00%,81.4933,-0.20%,12.03,-0.08%,120.18,0.86%,64.42,1.83%,61.77,0.00%,107.65,1.40%,12.8782,-0.69%,39.68,0.28%,78.21,0.00%
2026/01/20,10.71,-0.28%,8.4759,-0.72%,9.88,-0.50%,81.1802,-0.38%,12,-0.25%,120.56,0.32%,66.87,3.80%,60.08,-2.74%,108.4,0.70%,12.7316,-1.14%,39.35,-0.83%,78.03,-0.23%
2026/01/21,10.76,0.47%,8.4855,0.11%,9.95,0.71%,81.226,0.06%,11.97,-0.25%,120.26,-0.25%,67.11,0.36%,60.68,1.00%,111.14,2.53%,12.8684,1.07%,39.73,0.97%,78.13,0.13%
2026/01/22,10.8,0.37%,8.5287,0.51%,9.97,0.20%,81.7583,0.66%,12.03,0.50%,121.56,1.08%,68.65,2.29%,61.34,1.09%,110.16,-0.88%,12.9376,0.54%,40.2,1.18%,78.25,0.15%
2026/01/23,10.83,0.28%,8.5189,-0.11%,9.98,0.10%,81.8115,0.07%,12.06,0.25%,121.14,-0.35%,70.61,2.86%,61.56,0.36%,112.28,1.92%,12.9168,-0.16%,40.12,-0.20%,78.25,0.00%
2026/01/26,10.88,0.46%,8.5455,0.31%,10,0.30%,81.9937,0.22%,12.11,0.41%,122.87,1.43%,71.59,1.39%,62.05,0.80%,116.54,3.79%,12.8258,-0.70%,40.34,0.55%,78.25,0.00%
2026/01/27,10.9,0.18%,8.5649,0.23%,10,0.00%,82.2717,0.34%,12.28,1.40%,124.03,0.94%,71.39,-0.28%,62.96,1.47%,113.94,-2.23%,12.9509,0.98%,41.21,2.16%,78.23,-0.03%
2026/01/28,10.92,0.18%,8.5927,0.32%,9.99,-0.10%,82.4883,0.26%,12.38,0.81%,125.64,1.30%,73.6,3.10%,63.09,0.21%,118.01,3.57%,13.1103,1.23%,41.59,0.92%,78.19,-0.05%
2026/01/29,10.9,-0.18%,8.5714,-0.25%,10,0.10%,82.2056,-0.34%,12.39,0.08%,125.79,0.12%,72,-2.17%,62.16,-1.47%,120.07,1.75%,12.9227,-1.43%,41.1,-1.18%,78.13,-0.08%
2026/01/30,10.89,-0.09%,8.5575,-0.16%,10.01,0.10%,81.7371,-0.57%,12.2,-1.53%,124.92,-0.69%,64.35,-10.63%,60.81,-2.17%,111.74,-6.94%,12.8531,-0.54%,40.86,-0.58%,78.12,-0.01%
2026/02/02,10.79,-0.92%,8.5379,-0.23%,9.96,-0.50%,81.5925,-0.18%,12.01,-1.56%,124.89,-0.02%,62.33,-3.14%,60.95,0.23%,107.56,-3.74%,12.5185,-2.60%,40.49,-0.91%,78.12,0.00%
2026/02/03,10.85,0.56%,8.5596,0.25%,9.98,0.20%,81.8084,0.26%,12.23,1.83%,126.09,0.96%,64.89,4.11%,59.33,-2.66%,112.41,4.51%,12.6245,0.85%,41.11,1.53%,77.61,-0.65%
2026/02/04,10.83,-0.18%,8.5212,-0.45%,10,0.20%,82.0372,0.28%,12.2,-0.25%,126.05,-0.03%,65.31,0.65%,57.6,-2.92%,113.81,1.25%,12.5088,-0.92%,40.78,-0.80%,77.56,-0.06%
2026/02/05,10.81,-0.18%,8.4539,-0.79%,9.97,-0.30%,81.5775,-0.56%,12.08,-0.98%,124.13,-1.52%,61.4,-5.99%,56.84,-1.32%,108.71,-4.48%,12.3817,-1.02%,40.08,-1.72%,77.52,-0.05%
2026/02/06,10.84,0.28%,8.4907,0.44%,10.03,0.60%,81.726,0.18%,12.05,-0.25%,123.64,-0.39%,64.37,4.84%,59.01,3.82%,109.09,0.35%,12.2637,-0.95%,40.6,1.30%,77.63,0.14%
2026/02/09,10.89,0.46%,8.5639,0.86%,10.05,0.20%,82.1235,0.49%,12.28,1.91%,124.3,0.53%,67.42,4.74%,60.14,1.91%,111.72,2.41%,12.6378,3.05%,41.59,2.44%,77.69,0.08%
2026/02/10,10.91,0.18%,8.5785,0.17%,10.08,0.30%,82.5452,0.51%,12.37,0.73%,125.84,1.24%,67.72,0.44%,60.06,-0.13%,113.16,1.29%,12.7731,1.07%,41.6,0.02%,77.71,0.03%
2026/02/11,10.92,0.09%,8.5778,-0.01%,10.09,0.10%,82.7152,0.21%,12.48,0.89%,126.34,0.40%,69.77,3.03%,60.31,0.42%,116,2.51%,12.7618,-0.09%,41.84,0.58%,77.65,-0.08%
2026/02/12,10.98,0.55%,8.5858,0.09%,10.04,-0.50%,82.8191,0.13%,12.53,0.40%,127.07,0.58%,65.37,-6.31%,58.84,-2.44%,115.74,-0.22%,12.8385,0.60%,41.63,-0.50%,77.62,-0.04%
2026/02/13,10.98,0.00%,8.4919,-1.09%,10.08,0.40%,82.3764,-0.53%,12.4,-1.04%,125.25,-1.43%,68.12,4.21%,59.13,0.49%,112.47,-2.83%,12.6481,-1.48%,41.79,0.38%,77.61,-0.01%
2026/02/16,10.98,0.00%,8.4919,0.00%,10.08,0.00%,82.4253,0.06%,12.48,0.65%,126.27,0.81%,68.12,0.00%,59.13,0.00%,113.71,1.10%,12.6481,0.00%,41.83,0.10%,77.61,0.00%
2026/02/17,10.98,0.00%,8.4275,-0.76%,10.05,-0.30%,82.2069,-0.26%,12.48,0.00%,125.22,-0.83%,65.85,-3.33%,59.04,-0.15%,109.08,-4.07%,12.6481,0.00%,41.83,0.00%,77.55,-0.08%
2026/02/18,10.97,-0.09%,8.5067,0.94%,10.07,0.20%,82.4422,0.29%,12.48,0.00%,126.89,1.33%,66.96,1.69%,59.13,0.15%,113.96,4.47%,12.6481,0.00%,41.83,0.00%,77.65,0.13%
2026/02/19,10.92,-0.46%,8.4806,-0.31%,10.06,-0.10%,82.3956,-0.06%,12.48,0.00%,126.01,-0.69%,67.81,1.27%,59.65,0.88%,112.69,-1.11%,12.6481,0.00%,41.83,0.00%,77.66,0.01%
2026/02/20,10.92,0.00%,8.4936,0.15%,10.08,0.20%,82.439,0.05%,12.52,0.32%,126.74,0.58%,69.26,2.14%,59.96,0.52%,114.43,1.54%,12.6481,0.00%,42.9,2.56%,77.73,0.09%
2026/02/23,10.95,0.27%,8.4969,0.04%,10.05,-0.30%,82.6684,0.28%,12.58,0.48%,127.82,0.85%,71.66,3.47%,58.84,-1.87%,117.5,2.68%,12.6481,0.00%,42.73,-0.40%,77.7,-0.04%
2026/02/24,10.94,-0.09%,8.47,-0.32%,10.07,0.20%,82.5059,-0.20%,12.63,0.40%,127.05,-0.60%,72.46,1.12%,59.61,1.31%,117.43,-0.06%,12.7421,0.74%,43.53,1.87%,77.63,-0.09%
2026/02/25,10.98,0.37%,8.5542,0.99%,10.09,0.20%,82.7765,0.33%,12.81,1.43%,128.29,0.98%,73.17,0.98%,60.82,2.03%,121.06,3.09%,12.8817,1.10%,43.85,0.74%,77.67,0.05%
2026/02/26,10.96,-0.18%,8.5126,-0.49%,10.09,0.00%,82.5407,-0.28%,12.81,0.00%,127.31,-0.76%,74.17,1.37%,59.78,-1.71%,119.43,-1.35%,12.8501,-0.25%,43.99,0.32%,77.63,-0.05%
2026/02/27,10.95,-0.09%,8.4495,-0.74%,10.11,0.20%,82.3466,-0.24%,12.63,-1.41%,126.7,-0.48%,75.44,1.71%,59.18,-1.00%,121.94,2.10%,12.7586,-0.71%,43.8,-0.43%,77.57,-0.08%
2026/03/02,10.73,-2.01%,8.445,-0.05%,10.02,-0.89%,81.7506,-0.72%,12.51,-0.95%,123.72,-2.35%,75.57,0.17%,59.52,0.57%,121.88,-0.05%,12.583,-1.38%,43.21,-1.35%,76.94,-0.81%
2026/03/03,10.55,-1.68%,8.3597,-1.01%,9.98,-0.40%,80.7625,-1.21%,12.21,-2.40%,119.54,-3.38%,69.72,-7.74%,58.23,-2.17%,112.35,-7.82%,12.1975,-3.06%,40.36,-6.60%,76.79,-0.19%
2026/03/04,10.66,1.04%,8.4126,0.63%,10,0.20%,81.0655,0.38%,11.77,-3.60%,120.45,0.76%,69.41,-0.44%,59.16,1.60%,115.62,2.91%,12.0094,-1.54%,40.02,-0.84%,77.04,0.33%
2026/03/05,10.66,0.00%,8.4287,0.19%,9.96,-0.40%,80.8022,-0.32%,12.04,2.29%,120.28,-0.14%,66.69,-3.92%,59.36,0.34%,113.21,-2.08%,12.1695,1.33%,40.27,0.62%,76.94,-0.13%
2026/03/06,10.46,-1.88%,8.3149,-1.35%,9.93,-0.30%,80.0179,-0.97%,12.05,0.08%,117.11,-2.64%,66.9,0.31%,58.13,-2.07%,108.19,-4.43%,12.2456,0.63%,39.9,-0.92%,76.94,0.00%
2026/03/09,10.37,-0.86%,8.2807,-0.41%,9.93,0.00%,79.576,-0.55%,12.05,0.00%,113.94,-2.71%,66.57,-0.49%,59.37,2.13%,107.15,-0.96%,12.0609,-1.51%,39.66,-0.60%,76.54,-0.52%
2026/03/10,10.57,1.93%,8.4033,1.48%,9.92,-0.10%,80.2333,0.83%,12.23,1.49%,118.99,4.43%,67.28,1.07%,59.43,0.10%,112.82,5.29%,12.5376,3.95%,41.2,3.88%,76.81,0.35%
2026/03/11,10.5,-0.66%,8.3946,-0.10%,9.91,-0.10%,80.2472,0.02%,12.23,0.00%,119.2,0.18%,65.76,-2.26%,59.65,0.37%,111.93,-0.79%,12.5768,0.31%,40.91,-0.70%,76.67,-0.18%
2026/03/12,10.38,-1.14%,8.2999,-1.13%,9.85,-0.61%,79.7968,-0.56%,12.06,-1.39%,116.31,-2.42%,64.32,-2.19%,58.27,-2.31%,109.43,-2.23%,12.4844,-0.73%,39.85,-2.59%,76.37,-0.39%
2026/03/13,10.28,-0.96%,8.2824,-0.21%,9.83,-0.20%,79.7305,-0.08%,11.93,-1.08%,115.19,-0.96%,60,-6.72%,57.84,-0.74%,105.64,-3.46%,12.3211,-1.31%,39.79,-0.15%,76.22,-0.20%
2026/03/16,10.3,0.19%,8.2643,-0.22%,9.87,0.41%,79.6389,-0.11%,12.01,0.67%,115.32,0.11%,60.77,1.28%,58.72,1.52%,106,0.34%,12.4303,0.89%,40.73,2.36%,76.29,0.09%
2026/03/17,10.36,0.58%,8.2979,0.41%,9.9,0.30%,79.9012,0.33%,12.14,1.08%,117,1.46%,60.96,0.31%,59,0.48%,107.13,1.07%,12.3169,-0.91%,41.19,1.13%,76.29,0.00%
2026/03/18,10.31,-0.48%,8.2835,-0.17%,9.82,-0.81%,79.6438,-0.32%,12.06,-0.66%,116.21,-0.68%,57.62,-5.48%,58.42,-0.98%,103.57,-3.32%,12.5469,1.87%,41.1,-0.22%,76.38,0.12%
2026/03/19,10.21,-0.97%,8.2207,-0.76%,9.82,0.00%,78.8888,-0.95%,12.01,-0.41%,113.51,-2.32%,53.63,-6.92%,58.4,-0.03%,97.51,-5.85%,12.1974,-2.79%,40.21,-2.17%,76.15,-0.30%
2026/03/20,10.11,-0.98%,8.1757,-0.55%,9.73,-0.92%,78.5913,-0.38%,11.94,-0.58%,113.08,-0.38%,51.75,-3.51%,56.98,-2.43%,95.8,-1.75%,12.0724,-1.02%,39.58,-1.57%,75.98,-0.22%
2026/03/23,10.18,0.69%,8.2436,0.83%,9.79,0.62%,78.5102,-0.10%,11.83,-0.92%,114.01,0.82%,53.2,2.80%,58.07,1.91%,99.03,3.37%,11.5682,-4.18%,39.43,-0.38%,76.08,0.13%
2026/03/24,10.11,-0.69%,8.1963,-0.57%,9.79,0.00%,78.0841,-0.54%,11.74,-0.76%,112.99,-0.89%,53.32,0.23%,57.56,-0.88%,98.47,-0.57%,11.8563,2.49%,39.74,0.79%,76.02,-0.08%
2026/03/25,10.21,0.99%,8.2525,0.69%,9.84,0.51%,78.5999,0.66%,11.87,1.11%,115.92,2.59%,55.45,3.99%,57.89,0.57%,102.3,3.89%,12.1057,2.10%,40.13,0.98%,76.22,0.26%
2026/03/26,10.15,-0.59%,8.1692,-1.01%,9.79,-0.51%,78.0847,-0.66%,11.72,-1.26%,113.63,-1.98%,53.22,-4.02%,55.79,-3.63%,100.37,-1.89%,11.8838,-1.83%,38.67,-3.64%,75.98,-0.31%
2026/03/27,10.06,-0.89%,8.0599,-1.34%,9.75,-0.41%,77.3789,-0.90%,11.67,-0.43%,113.56,-0.06%,54.74,2.86%,54.58,-2.17%,100.16,-0.21%,11.889,0.04%,38.1,-1.47%,75.72,-0.34%
2026/03/30,10.01,-0.50%,8.0211,-0.48%,9.76,0.10%,77.4294,0.07%,11.48,-1.63%,111.99,-1.38%,55.11,0.68%,53.62,-1.76%,101.32,1.16%,11.8041,-0.71%,37.83,-0.71%,75.76,0.05%
2026/03/31,10.07,0.60%,8.0636,0.53%,9.85,0.92%,77.6996,0.35%,11.28,-1.74%,113.62,1.46%,58.75,6.60%,56.11,4.64%,103.96,2.61%,11.5798,-1.90%,37.56,-0.71%,76.1,0.45%
2026/04/01,10.13,0.60%,8.1953,1.63%,9.78,-0.71%,78.5724,1.12%,11.71,3.81%,116.42,2.46%,61.74,5.09%,56.98,1.55%,107.82,3.71%,12.0028,3.65%,39.69,5.67%,75.86,-0.32%
2026/04/02,10.1,-0.30%,8.1561,-0.48%,9.79,0.10%,78.3812,-0.24%,11.54,-1.45%,115.19,-1.06%,60.57,-1.90%,57.04,0.11%,107.31,-0.47%,11.8151,-1.56%,38.85,-2.12%,75.77,-0.12%
2026/04/06,10.1,0.00%,8.1561,0.00%,9.81,0.20%,78.3812,0.00%,11.54,0.00%,115.19,0.00%,60.57,0.00%,57.32,0.49%,107.31,0.00%,11.8151,0.00%,39.27,1.08%,75.77,0.00%
2026/04/07,10.06,-0.40%,8.22,0.78%,9.8,-0.10%,78.8151,0.55%,11.54,0.00%,114.2,-0.86%,60.53,-0.07%,57.76,0.77%,107.14,-0.16%,11.8151,0.00%,38.88,-0.99%,75.83,0.08%
2026/04/08,10.44,3.78%,8.4038,2.24%,9.89,0.92%,80.1756,1.73%,12.19,5.63%,119.72,4.83%,63.36,4.68%,60.02,3.91%,113.24,5.69%,12.4515,5.39%,41.93,7.84%,76.32,0.65%
2026/04/09,10.43,-0.10%,8.4249,0.25%,9.9,0.10%,80.1294,-0.06%,12.15,-0.33%,119.49,-0.19%,63.86,0.79%,60.05,0.05%,113.53,0.26%,12.4435,-0.06%,41.8,-0.31%,75.83,-0.64%
2026/04/10,10.53,0.96%,8.45,0.30%,9.87,-0.30%,80.3796,0.31%,12.15,0.00%,120.63,0.95%,64.12,0.41%,60.41,0.60%,115.13,1.41%,12.6819,1.92%,42.52,1.72%,76.32,0.65%
2026/04/13,10.53,0.00%,8.4299,-0.24%,9.92,0.51%,80.0187,-0.45%,12.24,0.74%,119.76,-0.72%,63.84,-0.44%,61.58,1.94%,114.18,-0.83%,12.6048,-0.61%,42.13,-0.92%,76.28,-0.05%
2026/04/14,10.68,1.42%,8.505,0.89%,9.95,0.30%,80.5856,0.71%,12.41,1.39%,121.95,1.83%,64.89,1.64%,62.77,1.93%,116.88,2.36%,12.8214,1.72%,43.29,2.75%,76.51,0.30%
2026/04/15,10.68,0.00%,8.4863,-0.22%,9.95,0.00%,80.8495,0.33%,12.5,0.73%,121.71,-0.20%,63.75,-1.76%,63.76,1.58%,116.17,-0.61%,12.8419,0.16%,44.83,3.56%,76.52,0.01%
2026/04/16,10.66,-0.19%,8.5064,0.24%,9.98,0.30%,81.0313,0.22%,12.59,0.72%,121.04,-0.55%,63.35,-0.63%,64.21,0.71%,114.99,-1.02%,13.2247,2.98%,44.18,-1.45%,76.51,-0.01%
2026/04/17,10.8,1.31%,8.5635,0.67%,10.03,0.50%,81.3104,0.34%,12.54,-0.40%,123.73,2.22%,65.02,2.64%,65.31,1.71%,116.57,1.37%,13.2389,0.11%,44.76,1.31%,76.74,0.30%
2026/04/20,10.75,-0.46%,8.5665,0.04%,10.02,-0.10%,81.2331,-0.10%,12.58,0.32%,122.88,-0.69%,64.24,-1.20%,65.41,0.15%,115.74,-0.71%,13.372,1.01%,44.52,-0.54%,76.7,-0.05%
2026/04/21,10.71,-0.37%,8.591,0.29%,9.98,-0.40%,81.2228,-0.01%,12.69,0.87%,122.94,0.05%,60.93,-5.15%,65.36,-0.08%,115.26,-0.41%,13.4055,0.25%,44.98,1.03%,76.65,-0.07%
2026/04/22,10.66,-0.47%,8.5825,-0.10%,9.99,0.10%,80.9659,-0.32%,12.67,-0.16%,122.16,-0.63%,61.36,0.71%,67.08,2.63%,114.49,-0.67%,13.5062,0.75%,45.48,1.11%,76.67,0.03%
2026/04/23,10.6,-0.56%,8.5978,0.18%,9.99,0.00%,80.7523,-0.26%,12.62,-0.39%,121.59,-0.47%,60.24,-1.83%,66.01,-1.60%,112.96,-1.34%,13.3042,-1.50%,45.3,-0.40%,76.59,-0.10%
2026/04/24,10.55,-0.47%,8.5893,-0.10%,9.99,0.00%,80.6733,-0.10%,12.7,0.63%,120.69,-0.74%,60.86,1.03%,67.71,2.58%,112.16,-0.71%,13.3006,-0.03%,46,1.55%,76.64,0.07%
2026/04/27,10.53,-0.19%,8.6,0.12%,9.98,-0.10%,80.7209,0.06%,12.78,0.63%,120.3,-0.32%,60.3,-0.92%,67.6,-0.16%,112.17,0.01%,13.4182,0.88%,46.24,0.52%,76.63,-0.01%
2026/04/28,10.45,-0.76%,8.5698,-0.35%,9.98,0.00%,80.5364,-0.23%,12.73,-0.39%,118.83,-1.22%,57.79,-4.16%,66,-2.37%,109.34,-2.52%,13.2892,-0.96%,45.87,-0.80%,76.59,-0.05%
2026/04/29,10.4,-0.48%,8.586,0.19%,9.96,-0.20%,80.4518,-0.11%,12.75,0.16%,118.5,-0.28%,56.4,-2.41%,66.27,0.41%,107.06,-2.09%,13.3839,0.71%,46.21,0.74%,76.49,-0.13%
2026/04/30,10.41,0.10%,8.592,0.07%,10.03,0.70%,80.0456,-0.50%,12.58,-1.33%,118.51,0.01%,56.91,0.90%,66.88,0.92%,107.82,0.71%,13.3915,0.06%,46.47,0.56%,76.56,0.09%
2026/05/01,10.41,0.00%,8.592,0.00%,9.96,-0.70%,80.2707,0.28%,12.58,0.00%,118.51,0.00%,56.91,0.00%,67.56,1.02%,107.82,0.00%,13.3915,0.00%,46.98,1.10%,76.13,-0.56%
2026/05/04,10.3,-1.06%,8.6975,1.23%,9.91,-0.50%,80.2847,0.02%,12.86,2.23%,119.16,0.55%,56.91,0.00%,67.75,0.28%,107.69,-0.12%,13.3915,0.00%,47.82,1.79%,76.13,0.00%
2026/05/05,10.3,0.00%,8.73,0.37%,9.95,0.40%,80.3053,0.03%,12.88,0.16%,118.87,-0.24%,55.81,-1.93%,68.63,1.30%,108.02,0.31%,13.3915,0.00%,48.53,1.48%,76.01,-0.16%
2026/05/06,10.47,1.65%,8.7815,0.59%,9.98,0.30%,80.9118,0.76%,13.19,2.41%,120.64,1.49%,59.72,7.01%,70.48,2.70%,112.51,4.16%,13.7984,3.04%,50.32,3.69%,76.18,0.22%
2026/05/07,10.51,0.38%,8.7967,0.17%,9.95,-0.30%,81.2365,0.40%,13.3,0.83%,121.8,0.96%,60.62,1.51%,70.35,-0.18%,114.29,1.58%,14.1608,2.63%,50.58,0.52%,76.13,-0.07%
2026/05/08,10.47,-0.38%,8.8115,0.17%,9.96,0.10%,81.0285,-0.26%,13.2,-0.75%,121.4,-0.33%,61.75,1.86%,71.87,2.16%,114.44,0.13%,13.9338,-1.60%,50.51,-0.14%,76.15,0.03%
2026/05/11,10.43,-0.38%,8.8452,0.38%,9.95,-0.10%,80.8947,-0.17%,13.32,0.91%,121.8,0.33%,62.96,1.96%,72.43,0.78%,116.92,2.17%,14.1849,1.80%,51.85,2.65%,76.17,0.03%
2026/05/12,10.34,-0.86%,8.8206,-0.28%,9.94,-0.10%,80.8846,-0.01%,13.2,-0.90%,120.02,-1.46%,63.04,0.13%,71.32,-1.53%,115.67,-1.07%,14.1729,-0.08%,49.84,-3.88%,76.05,-0.16%
2026/05/13,10.34,0.00%,8.8334,0.15%,9.94,0.00%,80.806,-0.10%,13.22,0.15%,119.58,-0.37%,63.07,0.05%,72.62,1.82%,117.7,1.75%,14.4571,2.01%,51.83,3.99%,76.05,0.00%
2026/05/14,10.34,0.00%,8.8334,0.00%,9.96,0.20%,81.1078,0.37%,13.29,0.53%,119.58,0.00%,63.07,0.00%,73.62,1.38%,117.7,0.00%,14.4571,0.00%,52.23,0.77%,76.1,0.07%
2026/05/15,10.17,-1.64%,8.7518,-0.92%,9.92,-0.40%,80.6227,-0.60%,13.01,-2.11%,117.75,-1.53%,57.38,-9.02%,71.7,-2.61%,110.11,-6.45%,14.0127,-3.07%,49.84,-4.58%,75.92,-0.24%
2026/05/18,10.14,-0.29%,8.7221,-0.34%,9.95,0.30%,80.5217,-0.13%,12.99,-0.15%,117.85,0.08%,57.14,-0.42%,71.02,-0.95%,110.86,0.68%,13.9965,-0.12%,49.53,-0.62%,75.85,-0.09%
2026/05/19,10.06,-0.79%,8.6507,-0.82%,9.92,-0.30%,80.6134,0.11%,12.91,-0.62%,117,-0.72%,55.02,-3.71%,70.43,-0.83%,107.13,-3.36%,14.0443,0.34%,48.45,-2.18%,75.73,-0.16%
2026/05/20,10.14,0.80%,8.6695,0.22%,9.95,0.30%,80.4145,-0.25%,12.87,-0.31%,117.26,0.22%,56.21,2.16%,70.24,-0.27%,107.31,0.17%,14.1535,0.78%,49.5,2.17%,75.91,0.24%
2026/05/21,10.16,0.20%,8.7248,0.64%,9.99,0.40%,80.6016,0.23%,13.06,1.48%,118.56,1.11%,55.89,-0.57%,73.02,3.96%,109.54,2.08%,13.9384,-1.52%,50.43,1.88%,75.96,0.07%
2026/05/22,10.2,0.39%,8.7849,0.69%,10.02,0.30%,80.988,0.48%,13.13,0.54%,118.61,0.04%,55.39,-0.89%,73.53,0.70%,109.69,0.14%,14.2593,2.30%,51.63,2.38%,76.02,0.08%
2026/05/25,10.2,0.00%,8.7849,0.00%,10.02,0.00%,81.3525,0.45%,13.13,0.00%,118.61,0.00%,55.39,0.00%,73.53,0.00%,109.69,0.00%,14.2593,0.00%,52.97,2.60%,76.02,0.00%
2026/05/26,10.35,1.47%,8.8402,0.63%,10,-0.20%,81.4732,0.15%,13.24,0.84%,120.24,1.37%,57.93,4.59%,75.58,2.79%,113.52,3.49%,14.4904,1.62%,53.71,1.40%,76.16,0.18%
2026/05/27,10.39,0.39%,8.8371,-0.04%,10.02,0.20%,81.4796,0.01%,13.32,0.60%,121.11,0.72%,56.38,-2.68%,75.46,-0.16%,112.61,-0.80%,14.4341,-0.39%,53.87,0.30%,76.23,0.09%
2026/05/28,10.41,0.19%,8.8288,-0.09%,10.03,0.10%,80.8942,-0.72%,13.17,-1.13%,120.24,-0.72%,56.74,0.64%,76.81,1.79%,111.04,-1.39%,14.4615,0.19%,54.68,1.50%,76.29,0.08%
2026/05/29,10.47,0.58%,8.8735,0.51%,10.06,0.30%,81.2183,0.40%,13.26,0.68%,121.15,0.76%,57.91,2.06%,77.92,1.45%,114.03,2.69%,14.2973,-1.14%,54.59,-0.16%,76.4,0.14%
2026/06/01,10.38,-0.86%,8.8646,-0.10%,9.97,-0.89%,81.3088,0.11%,13.43,1.28%,120.53,-0.51%,56.51,-2.42%,80.18,2.90%,112.6,-1.25%,14.0423,-1.78%,55.8,2.22%,76.4,0.00%
2026/06/02,10.43,0.48%,8.9314,0.75%,9.99,0.20%,81.3381,0.04%,13.55,0.89%,121.23,0.58%,57.43,1.63%,81.37,1.48%,116.61,3.56%,14.3475,2.17%,56.53,1.31%,75.89,-0.67%
2026/06/03,10.36,-0.67%,8.9043,-0.30%,9.94,-0.50%,81.3017,-0.04%,13.56,0.07%,120.76,-0.39%,55.96,-2.56%,80.66,-0.87%,116.12,-0.42%,14.3788,0.22%,56.57,0.07%,75.81,-0.11%
2026/06/04,10.37,0.10%,8.8726,-0.36%,9.98,0.40%,81.1614,-0.17%,13.37,-1.40%,120.48,-0.23%,56.32,0.64%,79.73,-1.15%,116.23,0.09%,14.4138,0.24%,55.06,-2.67%,75.86,0.07%
2026/06/05,10.27,-0.96%,8.8144,-0.66%,9.92,-0.60%,81.0695,-0.11%,13.15,-1.65%,119.01,-1.22%,51.59,-8.40%,79.97,0.30%,110.94,-4.55%,14.0022,-2.86%,52.03,-5.50%,75.74,-0.16%
2026/06/08,10.22,-0.49%,8.7672,-0.54%,9.91,-0.10%,80.6991,-0.46%,12.74,-3.12%,117.36,-1.39%,52.21,1.20%,75.79,-5.23%,108.18,-2.49%,13.6559,-2.47%,51.85,-0.35%,75.75,0.01%
2026/06/09,10.27,0.49%,8.8121,0.51%,9.93,0.20%,80.5952,-0.13%,13.07,2.59%,120.63,2.79%,51,-2.32%,74.95,-1.11%,108.67,0.45%,14.0062,2.57%,51.66,-0.37%,75.76,0.01%
2026/06/10,10.26,-0.10%,8.7311,-0.92%,9.9,-0.30%,80.287,-0.38%,12.83,-1.84%,119.55,-0.90%,48.45,-5.00%,72.69,-3.02%,105.61,-2.82%,13.7005,-2.18%,51.13,-1.03%,75.75,-0.01%
2026/06/11,10.31,0.49%,8.6841,-0.54%,9.95,0.51%,80.2018,-0.11%,12.82,-0.08%,120.21,0.55%,50.96,5.18%,75.93,4.46%,104.79,-0.78%,13.6006,-0.73%,51.66,1.04%,75.88,0.17%
2026/06/12,10.42,1.07%,8.7718,1.01%,9.98,0.30%,80.7943,0.74%,13.14,2.50%,122.39,1.81%,52.67,3.36%,76.46,0.70%,109.65,4.64%,13.7763,1.29%,53.5,3.56%,75.98,0.13%
2026/06/15,10.54,1.15%,8.8544,0.94%,9.98,0.00%,81.5933,0.99%,13.39,1.90%,125.57,2.60%,56.5,7.27%,79.93,4.54%,114.59,4.51%,14.3353,4.06%,55.45,3.64%,76.13,0.20%
2026/06/16,10.58,0.38%,8.8879,0.38%,10,0.20%,81.64,0.06%,13.45,0.45%,125.82,0.20%,57.71,2.14%,77.64,-2.87%,114.99,0.35%,14.3724,0.26%,54.66,-1.42%,76.12,-0.01%
2026/06/17,10.57,-0.09%,8.8527,-0.40%,9.91,-0.90%,81.7292,0.11%,13.51,0.45%,125.93,0.09%,56.43,-2.22%,77.6,-0.05%,114.19,-0.70%,14.6294,1.79%,55.44,1.43%,76.06,-0.08%
2026/06/18,10.51,-0.57%,8.8523,0.00%,9.9,-0.10%,81.4888,-0.29%,13.51,0.00%,125.55,-0.30%,55.05,-2.45%,80.54,3.79%,110.66,-3.09%,14.8971,1.83%,56.78,2.42%,76.11,0.07%
2026/06/19,10.48,-0.29%,8.8523,0.00%,9.9,0.00%,81.2608,-0.28%,13.51,0.00%,125.35,-0.16%,53.62,-2.60%,80.54,0.00%,107.9,-2.49%,14.8971,0.00%,56.49,-0.51%,76.11,0.00%
2026/06/22,10.49,0.10%,8.9035,0.58%,9.87,-0.30%,81.2518,-0.01%,13.61,0.74%,125.2,-0.12%,53.99,0.69%,80.16,-0.47%,108.11,0.19%,15.0591,1.09%,57.51,1.81%,76.09,-0.03%
2026/06/23,10.49,0.00%,8.9035,0.00%,9.88,0.10%,80.8201,-0.53%,13.18,-3.16%,125.2,0.00%,53.99,0.00%,76.1,-5.06%,108.11,0.00%,15.0591,0.00%,53.85,-6.36%,76.05,-0.05%
2026/06/24,10.45,-0.38%,8.7669,-1.53%,9.89,0.10%,80.5917,-0.28%,13.15,-0.23%,122.49,-2.16%,49.55,-8.22%,76.12,0.03%,101.87,-5.77%,14.7229,-2.23%,54.34,0.91%,76.1,0.07%
2026/06/25,10.49,0.38%,8.7281,-0.44%,9.89,0.00%,80.3322,-0.32%,13.34,1.44%,122.47,-0.02%,49.89,0.69%,77.02,1.18%,100.68,-1.17%,14.9485,1.53%,54.83,0.90%,76.13,0.04%
2026/06/26,10.51,0.19%,8.6996,-0.33%,9.91,0.20%,80.249,-0.10%,13.04,-2.25%,123.45,0.80%,50.94,2.10%,75.93,-1.42%,102.4,1.71%,14.4954,-3.03%,54,-1.51%,76.12,-0.01%
2026/06/29,10.53,0.19%,8.7262,0.31%,9.92,0.10%,80.4393,0.24%,13.09,0.38%,123.08,-0.30%,50.48,-0.90%,78.18,2.96%,100.96,-1.41%,14.7296,1.62%,53.82,-0.33%,76.17,0.07%
2026/06/30,10.52,-0.09%,8.8048,0.90%,9.9,-0.20%,80.5569,0.15%,13.11,0.15%,123.32,0.19%,49.93,-1.09%,80.31,2.72%,100.61,-0.35%,15.0743,2.34%,55.81,3.70%,76.14,-0.04%
2026/07/01,10.39,-1.24%,8.7915,-0.15%,9.84,-0.61%,80.454,-0.13%,13.11,0.00%,123.79,0.38%,49.76,-0.34%,77.85,-3.06%,101.04,0.43%,15.0743,0.00%,54.88,-1.67%,75.59,-0.72%
2026/07/02,10.43,0.38%,8.8096,0.21%,9.91,0.71%,80.9063,0.56%,12.94,-1.30%,125.29,1.21%,51.92,4.34%,75.37,-3.19%,102.66,1.60%,14.2604,-5.40%,52.39,-4.54%,75.66,0.09%
2026/07/03,10.44,0.10%,8.8096,0.00%,9.91,0.00%,81.2361,0.41%,13.21,2.09%,125.37,0.06%,53.8,3.62%,75.37,0.00%,103.34,0.66%,14.3757,0.81%,54.43,3.89%,75.66,0.00%
2026/07/06,10.44,0.00%,8.7838,-0.29%,9.91,0.00%,81.4349,0.24%,13.24,0.23%,125.72,0.28%,52.87,-1.73%,77.04,2.22%,103.09,-0.24%,14.249,-0.88%,54.16,-0.50%,75.74,0.11%
2026/07/07,10.44,0.00%,8.7266,-0.65%,9.92,0.10%,81.4997,0.08%,13.05,-1.44%,125.48,-0.19%,50.84,-3.84%,74.81,-2.89%,101.32,-1.72%,14.0477,-1.41%,51.33,-5.23%,75.74,0.00%
2026/07/08,10.34,-0.96%,8.7152,-0.13%,9.87,-0.50%,80.8938,-0.74%,12.97,-0.61%,124.53,-0.76%,49.08,-3.46%,75.38,0.76%,98.48,-2.80%,14.0352,-0.09%,50.95,-0.74%,75.62,-0.16%
2026/07/09,10.37,0.29%,8.7798,0.74%,9.87,0.00%,80.6721,-0.27%,12.97,0.00%,124.88,0.28%,50.23,2.34%,77.24,2.47%,99.34,0.87%,14.4925,3.26%,52.93,3.89%,75.69,0.09%
2026/07/10,10.39,0.19%,8.7731,-0.08%,9.88,0.10%,80.8964,0.28%,13.03,0.46%,126.22,1.07%,50.46,0.46%,77,-0.31%,100.15,0.82%,14.0811,-2.84%,52.76,-0.32%,75.69,0.00%
2026/07/13,10.35,-0.38%,8.7391,-0.39%,9.88,0.00%,80.9365,0.05%,12.81,-1.69%,125.77,-0.36%,49.03,-2.83%,74.54,-3.19%,100.09,-0.06%,13.6751,-2.88%,50.43,-4.42%,75.62,-0.09%
2026/07/14,10.33,-0.19%,8.76,0.24%,9.83,-0.51%,80.7286,-0.26%,12.82,0.08%,125.97,0.16%,49.81,1.59%,76.14,2.15%,102.22,2.13%,13.9699,2.16%,50.7,0.54%,75.63,0.01%
2026/07/15,10.35,0.19%,8.7019,-0.66%,9.86,0.31%,80.8502,0.15%,13.07,1.95%,125.91,-0.05%,49.32,-0.98%,75.72,-0.55%,101.59,-0.62%,13.9075,-0.45%,50.83,0.26%,75.72,0.12%
2026/07/16,10.33,-0.19%,8.6437,-0.67%,9.9,0.41%,80.7887,-0.08%,12.88,-1.45%,125.66,-0.20%,47.72,-3.24%,73.25,-3.26%,98.78,-2.77%,13.6095,-2.14%,49.79,-2.05%,75.74,0.03%
2026/07/17,10.29,-0.39%,8.5613,-0.95%,9.88,-0.20%,80.5204,-0.33%,12.62,-2.02%,125,-0.53%,47.35,-0.78%,72.1,-1.57%,96.88,-1.92%,13.6095,0.00%,48.33,-2.93%,75.71,-0.04%
2026/07/20,10.27,-0.19%,8.628,0.78%,9.85,-0.30%,80.4801,-0.05%,12.59,-0.24%,125.44,0.35%,47.02,-0.70%,72.33,0.32%,97.37,0.51%,12.8056,-5.91%,48.44,0.23%,75.7,-0.01%
2026/07/21,10.28,0.10%,8.6319,0.05%,9.85,0.00%,80.5645,0.10%,12.88,2.30%,125.66,0.18%,49.31,4.87%,74.64,3.19%,98.52,1.18%,13.4249,4.84%,50.76,4.79%,75.65,-0.07%
2026/07/22,10.24,-0.39%,8.6651,0.38%,9.85,0.00%,80.835,0.34%,12.97,0.70%,125.38,-0.22%,51.04,3.51%,74.06,-0.78%,102.66,4.20%,13.0938,-2.47%,50.77,0.02%,75.6,-0.07%
2026/07/23,10.14,-0.98%,8.6306,-0.40%,9.81,-0.41%,80.6556,-0.22%,13.1,1.00%,124.96,-0.33%,49.88,-2.27%,72.99,-1.44%,101.61,-1.02%,13.1714,0.59%,49.58,-2.34%,75.36,-0.32%
2026/07/24,10.16,0.20%,8.5763,-0.63%,9.85,0.41%,80.6076,-0.06%,12.84,-1.98%,124.59,-0.30%,49.86,-0.04%,71.16,-2.51%,101.22,-0.38%,12.9458,-1.71%,49.11,-0.95%,75.4,0.05%
2026/07/27,10.24,0.79%,8.583,0.08%,9.88,0.30%,80.9888,0.47%,12.94,0.78%,125.13,0.43%,50.46,1.20%,70.61,-0.77%,101.64,0.41%,13.2219,2.13%,48.38,-1.49%,75.46,0.08%
2026/07/28,10.25,0.10%,8.4707,-1.31%,9.92,0.40%,80.9923,0.00%,12.47,-3.63%,124.73,-0.32%,49.48,-1.94%,69.12,-2.11%,99.84,-1.77%,12.6583,-4.26%,46.91,-3.04%,75.48,0.03%
2026/07/29,10.22,-0.29%,8.4609,-0.12%,9.88,-0.40%,80.9888,0.00%,12.3,-1.36%,124.97,0.19%,49.37,-0.22%,66.94,-3.15%,100.13,0.29%,12.7339,0.60%,45.21,-3.62%,75.4,-0.11%
2026/07/30,10.27,0.49%,8.5026,0.49%,9.91,0.30%,80.9923,0.00%,12.35,0.41%,127.01,1.63%,50.94,3.18%,70.58,5.44%,101.69,1.56%,12.3975,-2.64%,46.36,2.54%,75.48,0.11%
2026/07/31,10.26,-0.10%,8.533,0.36%,9.92,0.10%,80.5967,-0.49%,12.94,4.78%,126.56,-0.35%,49.5,-2.83%,71.52,1.33%,101.69,0.00%,12.743,2.79%,47.99,3.52%,75.5,0.03%
2026/08/03,10.24,-0.19%,8.5677,0.41%,9.91,-0.10%,80.6451,0.06%,12.88,-0.46%,128.05,1.18%,49.5,0.00%,73.06,2.15%,101.76,0.07%,12.6855,-0.45%,48.66,1.40%,75.5,0.00%
2026/08/04,10.3,0.59%,8.6615,1.09%,9.97,0.61%,80.9289,0.35%,12.9,0.16%,128.51,0.36%,52.04,5.13%,75.86,3.83%,106.29,4.45%,13.0613,2.96%,50.39,3.56%,75.28,-0.29%
2026/08/05,10.34,0.39%,8.7369,0.87%,9.95,-0.20%,82.018,1.35%,13.12,1.71%,129.04,0.41%,55.81,7.24%,75.05,-1.07%,110.8,4.24%,13.3893,2.51%,50.79,0.79%,75.3,0.03%
2026/08/06,10.34,0.00%,8.6775,-0.68%,9.94,-0.10%,82.0429,0.03%,12.95,-1.30%,128.61,-0.33%,56.2,0.70%,74.89,-0.21%,110.51,-0.26%,13.3166,-0.54%,50.26,-1.04%,75.28,-0.03%
2026/08/07,10.33,-0.10%,8.6928,0.18%,9.98,0.40%,82.3863,0.42%,12.89,-0.46%,128.99,0.30%,59.96,6.69%,76.17,1.71%,113.7,2.89%,13.5095,1.45%,50.2,-0.12%,75.4,0.16%
2026/08/10,10.33,0.00%,8.7022,0.11%,9.99,0.10%,82.4272,0.05%,12.95,0.47%,129.53,0.42%,60.22,0.43%,75.78,-0.51%,112.84,-0.76%,13.581,0.53%,50.13,-0.14%,75.37,-0.04%
2026/08/11,10.31,-0.19%,8.6873,-0.17%,10,0.10%,82.5622,0.16%,12.98,0.23%,130.39,0.66%,60.06,-0.27%,75.77,-0.01%,114.4,1.38%,13.4316,-1.10%,50.48,0.70%,75.34,-0.04%
2026/08/12,10.31,0.00%,8.7181,0.35%,10.01,0.10%,82.7327,0.21%,13.08,0.77%,130.49,0.08%,60.75,1.15%,76.94,1.54%,114.96,0.49%,13.5101,0.58%,51.71,2.44%,75.38,0.05%
2026/08/13,10.35,0.39%,8.7488,0.35%,10.04,0.30%,82.7299,0.00%,13.11,0.23%,129.87,-0.48%,59.32,-2.35%,77.71,1.00%,112.38,-2.24%,13.4976,-0.09%,52.37,1.28%,75.45,0.09%
2026/08/14,10.33,-0.19%,8.7559,0.08%,10.03,-0.10%,82.8373,0.13%,13.18,0.53%,129.85,-0.02%,59.73,0.69%,77.17,-0.69%,112.47,0.08%,13.4674,-0.22%,52.26,-0.21%,75.45,0.00%
2026/08/17,10.32,-0.10%,8.6997,-0.64%,9.99,-0.40%,82.7781,-0.07%,13.24,0.46%,129.63,-0.17%,61.36,2.73%,77.51,0.44%,113.3,0.74%,13.8395,2.76%,53.61,2.58%,75.42,-0.04%
2026/08/18,10.28,-0.39%,8.6343,-0.75%,10,0.10%,82.5115,-0.32%,13.12,-0.91%,129.21,-0.32%,59.52,-3.00%,74.92,-3.34%,112.47,-0.73%,13.7835,-0.40%,51.47,-3.99%,75.32,-0.13%
2026/08/19,10.31,0.29%,8.5933,-0.47%,10.05,0.50%,82.4817,-0.04%,12.97,-1.14%,129.24,0.02%,63.6,6.85%,74.25,-0.89%,115.84,3.00%,13.2032,-4.21%,51.38,-0.17%,75.39,0.09%
2026/08/20,10.29,-0.19%,8.5635,-0.35%,10,-0.50%,82.5164,0.04%,13.11,1.08%,129.72,0.37%,66.26,4.18%,74.28,0.04%,115.88,0.03%,13.2786,0.57%,51.83,0.88%,75.34,-0.07%
2026/08/21,10.31,0.19%,8.5661,0.03%,10.02,0.20%,82.9061,0.47%,13.31,1.53%,131.26,1.19%,68.02,2.66%,74.77,0.66%,121.72,5.04%,13.4389,1.21%,52.12,0.56%,75.39,0.07%
2026/08/24,10.32,0.10%,8.5273,-0.45%,10.03,0.10%,82.898,-0.01%,13.15,-1.20%,131.62,0.27%,68.35,0.49%,73.33,-1.93%,122.97,1.03%,12.9883,-3.35%,50.88,-2.38%,75.41,0.03%
2026/08/25,10.36,0.39%,8.5592,0.37%,10.05,0.20%,82.898,0.00%,13.22,0.53%,131.37,-0.19%,69.25,1.32%,74.3,1.32%,122.32,-0.53%,13.0387,0.39%,51.68,1.57%,75.52,0.15%
2026/08/26,10.35,-0.10%,8.5766,0.20%,10.04,-0.10%,83.0839,0.22%,13.32,0.76%,132.73,1.04%,68.27,-1.42%,74.44,0.19%,124.02,1.39%,13.0387,0.00%,52.31,1.22%,75.54,0.03%
2026/08/27,10.32,-0.29%,8.5842,0.09%,10.03,-0.10%,82.5522,-0.64%,13.32,0.00%,131.81,-0.69%,68.64,0.54%,76.17,2.32%,122.45,-1.27%,13.3285,2.22%,52.55,0.46%,75.54,0.00%
2026/08/28,10.27,-0.48%,8.5854,0.01%,10.03,0.00%,82.6659,0.14%,13.34,0.15%,131.27,-0.41%,66.92,-2.51%,74.88,-1.69%,123.45,0.82%,13.1959,-0.99%,52.84,0.55%,75.5,-0.05%
2026/08/31,10.24,-0.29%,8.5192,-0.77%,10.02,-0.10%,82.3375,-0.40%,13.19,-1.12%,129.56,-1.30%,66.92,0.00%,74.96,0.11%,119.46,-3.23%,13.2028,0.05%,52.02,-1.55%,75.5,0.00%
2026/09/01,10.13,-1.07%,8.4825,-0.43%,9.92,-1.00%,82.0143,-0.39%,13.29,0.76%,130.4,0.65%,63.54,-5.05%,73.53,-1.91%,117.6,-1.56%,12.9516,-1.90%,52.16,0.27%,74.81,-0.91%
2026/09/02,10.14,0.10%,8.4718,-0.13%,9.95,0.30%,81.8154,-0.24%,13.12,-1.28%,130.89,0.38%,64.34,1.26%,73.66,0.18%,118.7,0.94%,12.7895,-1.25%,51.88,-0.54%,74.79,-0.03%
2026/09/03,10.19,0.49%,8.5158,0.52%,9.97,0.20%,82.3392,0.64%,13.18,0.46%,131.76,0.66%,66.96,4.07%,74.85,1.62%,119.5,0.67%,12.7834,-0.05%,51.96,0.15%,74.84,0.07%
2026/09/04,10.22,0.29%,8.5525,0.43%,9.95,-0.20%,82.2787,-0.07%,13.31,0.99%,131.79,0.02%,66,-1.43%,75.52,0.90%,118.76,-0.62%,12.7894,0.05%,52.35,0.75%,74.84,0.00%
2026/09/07,10.2,-0.20%,8.5525,0.00%,9.95,0.00%,82.3222,0.05%,13.51,1.50%,131.09,-0.53%,66,0.00%,75.52,0.00%,119.61,0.72%,12.9457,1.22%,53.35,1.91%,74.84,0.00%
2026/09/08,10.21,0.10%,8.5475,-0.06%,9.93,-0.20%,82.3255,0.00%,13.39,-0.89%,131.59,0.38%,65.52,-0.73%,75.84,0.42%,121.61,1.67%,12.7916,-1.19%,53.23,-0.22%,74.77,-0.09%
2026/09/09,10.17,-0.39%,8.5438,-0.04%,9.9,-0.30%,82.0045,-0.39%,13.42,0.22%,130.74,-0.65%,66.12,0.92%,75.64,-0.26%,121.49,-0.10%,12.8376,0.36%,52.66,-1.07%,74.64,-0.17%
2026/09/10,10.11,-0.59%,8.4828,-0.71%,9.84,-0.61%,81.5477,-0.56%,13.38,-0.30%,129.58,-0.89%,64.14,-2.99%,74.48,-1.53%,116.96,-3.73%,12.6705,-1.30%,51.9,-1.44%,74.41,-0.31%
2026/09/11,10.1,-0.10%,8.517,0.40%,9.87,0.30%,81.6185,0.09%,13.23,-1.12%,129.79,0.16%,64.07,-0.11%,75.35,1.17%,117.78,0.70%,12.5808,-0.71%,52.29,0.75%,74.43,0.03%
2026/09/14,9.98,-1.19%,8.4512,-0.77%,9.86,-0.10%,81.1592,-0.56%,13.1,-0.98%,128.22,-1.21%,62.66,-2.20%,73.67,-2.23%,113.35,-3.76%,12.5333,-0.38%,50.72,-3.00%,74.31,-0.16%
2026/09/15,9.95,-0.30%,8.3825,-0.81%,9.84,-0.20%,81.0462,-0.14%,12.99,-0.84%,128.18,-0.03%,61.83,-1.32%,73.43,-0.33%,113.39,0.04%,12.5188,-0.12%,50.36,-0.71%,74.25,-0.08%
2026/09/16,9.98,0.30%,8.3867,0.05%,9.8,-0.41%,81.1427,0.12%,13.03,0.31%,127.5,-0.53%,61.69,-0.23%,73.79,0.49%,114.08,0.61%,12.6421,0.98%,51.29,1.85%,74.33,0.11%
2026/09/17,10.03,0.50%,8.4083,0.26%,9.85,0.51%,81.3146,0.21%,13.01,-0.15%,127.88,0.30%,62.6,1.48%,75.58,2.43%,115.23,1.01%,12.6109,-0.25%,51.15,-0.27%,74.45,0.16%
2026/09/18,9.98,-0.50%,8.4054,-0.03%,9.8,-0.51%,81.1825,-0.16%,13.11,0.77%,127.25,-0.49%,63.4,1.28%,76.38,1.06%,113.9,-1.15%,12.8425,1.84%,51.46,0.61%,74.33,-0.16%